Trigram,Frequency,Relative Frequency
про,50,0.00621272365805169
ння,49,0.006088469184890656
ний,47,0.0058399602385685884
ист,45,0.005591451292246521
від,44,0.0054671968190854875
кор,40,0.004970178926441352
пер,39,0.004845924453280318
ори,39,0.004845924453280318
ува,39,0.004845924453280318
ван,38,0.004721669980119284
ого,38,0.004721669980119284
ері,37,0.00459741550695825
сер,37,0.00459741550695825
рис,37,0.00459741550695825
ком,34,0.004224652087475149
анн,34,0.004224652087475149
ова,33,0.004100397614314116
лен,33,0.004100397614314116
ста,32,0.003976143141153081
кла,30,0.003727634194831014
тов,30,0.003727634194831014
бук,29,0.00360337972166998
ико,29,0.00360337972166998
айн,28,0.0034791252485089465
вик,28,0.0034791252485089465
нов,28,0.0034791252485089465
ноу,26,0.0032306163021868788
оут,26,0.0032306163021868788
утб,26,0.0032306163021868788
тбу,26,0.0032306163021868788
роб,26,0.0032306163021868788
тан,26,0.0032306163021868788
род,25,0.003106361829025845
сто,25,0.003106361829025845
рія,25,0.003106361829025845
ати,25,0.003106361829025845
під,25,0.003106361829025845
диз,24,0.002982107355864811
иза,24,0.002982107355864811
зай,24,0.002982107355864811
івм,24,0.002982107355864811
енн,24,0.002982107355864811
аві,24,0.002982107355864811
льн,23,0.0028578528827037774
так,23,0.0028578528827037774
ції,23,0.0028578528827037774
три,23,0.0028578528827037774
лав,23,0.0028578528827037774
аль,22,0.0027335984095427437
омп,22,0.0027335984095427437
ром,22,0.0027335984095427437
для,22,0.0027335984095427437
ово,22,0.0027335984095427437
іль,22,0.0027335984095427437
при,21,0.0026093439363817097
тер,21,0.0026093439363817097
тор,21,0.0026093439363817097
аці,21,0.0026093439363817097
ами,21,0.0026093439363817097
ере,20,0.002485089463220676
бул,20,0.002485089463220676
тур,20,0.002485089463220676
ату,20,0.002485089463220676
ній,19,0.002360834990059642
роз,19,0.002360834990059642
іст,19,0.002360834990059642
ном,19,0.002360834990059642
ани,19,0.002360834990059642
еро,19,0.002360834990059642
віа,19,0.002360834990059642
іат,19,0.002360834990059642
ост,18,0.0022365805168986083
ови,18,0.0022365805168986083
кра,18,0.0022365805168986083
мод,17,0.0021123260437375746
ані,17,0.0021123260437375746
ала,16,0.0019880715705765406
ним,16,0.0019880715705765406
сти,16,0.0019880715705765406
пор,16,0.0019880715705765406
ної,16,0.0019880715705765406
ран,16,0.0019880715705765406
ено,16,0.0019880715705765406
ано,16,0.0019880715705765406
тив,16,0.0019880715705765406
вал,15,0.001863817097415507
ють,15,0.001863817097415507
ову,15,0.001863817097415507
рим,15,0.001863817097415507
був,15,0.001863817097415507
рен,14,0.0017395626242544733
роц,14,0.0017395626242544733
мал,14,0.0017395626242544733
ент,14,0.0017395626242544733
ому,14,0.0017395626242544733
сті,14,0.0017395626242544733
ени,14,0.0017395626242544733
рок,14,0.0017395626242544733
али,14,0.0017395626242544733
ног,14,0.0017395626242544733
оці,13,0.0016153081510934394
рів,13,0.0016153081510934394
оду,13,0.0016153081510934394
ако,13,0.0016153081510934394
пов,13,0.0016153081510934394
ічн,13,0.0016153081510934394
нні,13,0.0016153081510934394
ивн,13,0.0016153081510934394
біл,13,0.0016153081510934394
пад,13,0.0016153081510934394
іні,12,0.0014910536779324055
пла,12,0.0014910536779324055
юте,12,0.0014910536779324055
ома,12,0.0014910536779324055
ськ,12,0.0014910536779324055
ьки,12,0.0014910536779324055
оде,12,0.0014910536779324055
дел,12,0.0014910536779324055
оро,12,0.0014910536779324055
кож,12,0.0014910536779324055
вер,12,0.0014910536779324055
вий,12,0.0014910536779324055
ові,12,0.0014910536779324055
ект,12,0.0014910536779324055
екр,12,0.0014910536779324055
енд,11,0.0013667992047713719
них,11,0.0013667992047713719
дом,11,0.0013667992047713719
сап,11,0.0013667992047713719
апп,11,0.0013667992047713719
ппе,11,0.0013667992047713719
тра,11,0.0013667992047713719
пон,11,0.0013667992047713719
аст,11,0.0013667992047713719
оло,11,0.0013667992047713719
кос,11,0.0013667992047713719
ули,11,0.0013667992047713719
ков,11,0.0013667992047713719
він,11,0.0013667992047713719
ерш,11,0.0013667992047713719
ера,11,0.0013667992047713719
оку,11,0.0013667992047713719
орт,11,0.0013667992047713719
льш,11,0.0013667992047713719
мов,11,0.0013667992047713719
ина,11,0.0013667992047713719
лін,10,0.001242544731610338
ків,10,0.001242544731610338
ода,10,0.001242544731610338
алі,10,0.001242544731610338
йно,10,0.001242544731610338
цій,10,0.001242544731610338
ійн,10,0.001242544731610338
сту,10,0.001242544731610338
орі,10,0.001242544731610338
івн,10,0.001242544731610338
вно,10,0.001242544731610338
час,10,0.001242544731610338
осм,10,0.001242544731610338
чно,10,0.001242544731610338
елі,10,0.001242544731610338
оди,10,0.001242544731610338
ров,10,0.001242544731610338
рат,10,0.001242544731610338
кон,10,0.001242544731610338
тни,10,0.001242544731610338
ьно,10,0.001242544731610338
вав,10,0.001242544731610338
лив,10,0.001242544731610338
нер,10,0.001242544731610338
має,10,0.001242544731610338
ерн,10,0.001242544731610338
ими,10,0.001242544731610338
ила,10,0.001242544731610338
вир,9,0.0011182902584493041
иро,9,0.0011182902584493041
ким,9,0.0011182902584493041
ерв,9,0.0011182902584493041
ади,9,0.0011182902584493041
дос,9,0.0011182902584493041
ені,9,0.0011182902584493041
тьс,9,0.0011182902584493041
ься,9,0.0011182902584493041
дук,9,0.0011182902584493041
ват,9,0.0011182902584493041
олі,9,0.0011182902584493041
обі,9,0.0011182902584493041
ник,9,0.0011182902584493041
айт,9,0.0011182902584493041
кол,9,0.0011182902584493041
чер,9,0.0011182902584493041
рез,9,0.0011182902584493041
стр,9,0.0011182902584493041
ска,9,0.0011182902584493041
вув,9,0.0011182902584493041
які,9,0.0011182902584493041
ідт,9,0.0011182902584493041
дтр,9,0.0011182902584493041
пам,9,0.0011182902584493041
жен,9,0.0011182902584493041
клю,9,0.0011182902584493041
люч,9,0.0011182902584493041
обл,9,0.0011182902584493041
мож,9,0.0011182902584493041
бни,8,0.0009940357852882703
зро,8,0.0009940357852882703
пок,8,0.0009940357852882703
бре,8,0.0009940357852882703
нал,8,0.0009940357852882703
рни,8,0.0009940357852882703
кий,8,0.0009940357852882703
рад,8,0.0009940357852882703
онс,8,0.0009940357852882703
уля,8,0.0009940357852882703
аді,8,0.0009940357852882703
ают,8,0.0009940357852882703
лог,8,0.0009940357852882703
чен,8,0.0009940357852882703
тув,8,0.0009940357852882703
міч,8,0.0009940357852882703
нці,8,0.0009940357852882703
міс,8,0.0009940357852882703
наз,8,0.0009940357852882703
аго,8,0.0009940357852882703
рії,8,0.0009940357852882703
том,8,0.0009940357852882703
ора,8,0.0009940357852882703
рац,8,0.0009940357852882703
рши,8,0.0009940357852882703
вле,8,0.0009940357852882703
лас,8,0.0009940357852882703
ато,8,0.0009940357852882703
оно,8,0.0009940357852882703
тат,8,0.0009940357852882703
рам,8,0.0009940357852882703
пра,8,0.0009940357852882703
трі,8,0.0009940357852882703
уль,8,0.0009940357852882703
вні,8,0.0009940357852882703
сть,8,0.0009940357852882703
без,8,0.0009940357852882703
ана,8,0.0009940357852882703
бай,8,0.0009940357852882703
дис,8,0.0009940357852882703
иск,8,0.0009940357852882703
кер,8,0.0009940357852882703
кам,8,0.0009940357852882703
тач,8,0.0009940357852882703
лан,7,0.0008697813121272366
тів,7,0.0008697813121272366
обн,7,0.0008697813121272366
озр,7,0.0008697813121272366
обк,7,0.0008697813121272366
тво,7,0.0008697813121272366
дба,7,0.0008697813121272366
ізн,7,0.0008697813121272366
нес,7,0.0008697813121272366
ерс,7,0.0008697813121272366
ідо,7,0.0008697813121272366
мін,7,0.0008697813121272366
ись,7,0.0008697813121272366
япо,7,0.0008697813121272366
зап,7,0.0008697813121272366
уки,7,0.0008697813121272366
азв,7,0.0008697813121272366
дов,7,0.0008697813121272366
кто,7,0.0008697813121272366
ймо,7,0.0008697813121272366
щен,7,0.0008697813121272366
опе,7,0.0008697813121272366
ько,7,0.0008697813121272366
оти,7,0.0008697813121272366
шен,7,0.0008697813121272366
пів,7,0.0008697813121272366
біт,7,0.0008697813121272366
опо,7,0.0008697813121272366
тні,7,0.0008697813121272366
зна,7,0.0008697813121272366
нан,7,0.0008697813121272366
інн,7,0.0008697813121272366
йне,7,0.0008697813121272366
акі,7,0.0008697813121272366
гра,7,0.0008697813121272366
най,7,0.0008697813121272366
пол,7,0.0008697813121272366
льт,7,0.0008697813121272366
мен,7,0.0008697813121272366
юча,7,0.0008697813121272366
рав,7,0.0008697813121272366
отр,7,0.0008697813121272366
бор,7,0.0008697813121272366
габ,7,0.0008697813121272366
аба,7,0.0008697813121272366
іга,7,0.0008697813121272366
ури,7,0.0008697813121272366
лят,7,0.0008697813121272366
еле,7,0.0008697813121272366
дже,7,0.0008697813121272366
вся,7,0.0008697813121272366
льк,7,0.0008697813121272366
джо,7,0.0008697813121272366
ена,7,0.0008697813121272366
кар,7,0.0008697813121272366
вим,7,0.0008697813121272366
кці,7,0.0008697813121272366
мкс,7,0.0008697813121272366
реж,7,0.0008697813121272366
пле,7,0.0008697813121272366
ійк,6,0.0007455268389662028
йка,6,0.0007455268389662028
нше,6,0.0007455268389662028
ниц,6,0.0007455268389662028
даж,6,0.0007455268389662028
юва,6,0.0007455268389662028
рид,6,0.0007455268389662028
идб,6,0.0007455268389662028
ьни,6,0.0007455268389662028
орн,6,0.0007455268389662028
яки,6,0.0007455268389662028
віс,6,0.0007455268389662028
ючи,6,0.0007455268389662028
иці,6,0.0007455268389662028
піс,6,0.0007455268389662028
ісл,6,0.0007455268389662028
сля,6,0.0007455268389662028
ред,6,0.0007455268389662028
лик,6,0.0007455268389662028
лад,6,0.0007455268389662028
ачі,6,0.0007455268389662028
сві,6,0.0007455268389662028
йну,6,0.0007455268389662028
икі,6,0.0007455268389662028
тин,6,0.0007455268389662028
мос,6,0.0007455268389662028
дин,6,0.0007455268389662028
смі,6,0.0007455268389662028
анц,6,0.0007455268389662028
зва,6,0.0007455268389662028
тар,6,0.0007455268389662028
наг,6,0.0007455268389662028
ндо,6,0.0007455268389662028
арі,6,0.0007455268389662028
лок,6,0.0007455268389662028
кно,6,0.0007455268389662028
ход,6,0.0007455268389662028
ить,6,0.0007455268389662028
фор,6,0.0007455268389662028
ньо,6,0.0007455268389662028
укт,6,0.0007455268389662028
орп,6,0.0007455268389662028
ший,6,0.0007455268389662028
анд,6,0.0007455268389662028
але,6,0.0007455268389662028
тис,6,0.0007455268389662028
мер,6,0.0007455268389662028
віт,6,0.0007455268389662028
рог,6,0.0007455268389662028
огр,6,0.0007455268389662028
спр,6,0.0007455268389662028
ест,6,0.0007455268389662028
каз,6,0.0007455268389662028
уру,6,0.0007455268389662028
ішн,6,0.0007455268389662028
има,6,0.0007455268389662028
шат,6,0.0007455268389662028
атл,6,0.0007455268389662028
тлу,6,0.0007455268389662028
яті,6,0.0007455268389662028
ією,6,0.0007455268389662028
ною,6,0.0007455268389662028
онн,6,0.0007455268389662028
ідс,6,0.0007455268389662028
або,6,0.0007455268389662028
ято,6,0.0007455268389662028
одж,6,0.0007455268389662028
зув,6,0.0007455268389662028
ери,6,0.0007455268389662028
кан,6,0.0007455268389662028
дан,6,0.0007455268389662028
епт,6,0.0007455268389662028
хар,6,0.0007455268389662028
ідн,6,0.0007455268389662028
зал,6,0.0007455268389662028
нії,6,0.0007455268389662028
тно,6,0.0007455268389662028
вкл,6,0.0007455268389662028
ука,6,0.0007455268389662028
рьо,6,0.0007455268389662028
аку,6,0.0007455268389662028
анш,5,0.000621272365805169
шет,5,0.000621272365805169
цтв,5,0.000621272365805169
біз,5,0.000621272365805169
зне,5,0.000621272365805169
она,5,0.000621272365805169
сво,5,0.000621272365805169
чор,5,0.000621272365805169
існ,5,0.000621272365805169
ард,5,0.000621272365805169
уюч,5,0.000621272365805169
нсь,5,0.000621272365805169
кри,5,0.000621272365805169
ива,5,0.000621272365805169
рна,5,0.000621272365805169
ели,5,0.000621272365805169
ких,5,0.000621272365805169
важ,5,0.000621272365805169
нту,5,0.000621272365805169
огі,5,0.000621272365805169
вач,5,0.000621272365805169
зав,5,0.000621272365805169
над,5,0.000621272365805169
вня,5,0.000621272365805169
нос,5,0.000621272365805169
уют,5,0.000621272365805169
рти,5,0.000621272365805169
аро,5,0.000621272365805169
дно,5,0.000621272365805169
ата,5,0.000621272365805169
гор,5,0.000621272365805169
рсі,5,0.000621272365805169
имі,5,0.000621272365805169
іна,5,0.000621272365805169
орм,5,0.000621272365805169
ція,5,0.000621272365805169
лов,5,0.000621272365805169
овл,5,0.000621272365805169
гол,5,0.000621272365805169
нсо,5,0.000621272365805169
ман,5,0.000621272365805169
ніє,5,0.000621272365805169
спі,5,0.000621272365805169
ітн,5,0.000621272365805169
ден,5,0.000621272365805169
оли,5,0.000621272365805169
зви,5,0.000621272365805169
всі,5,0.000621272365805169
бле,5,0.000621272365805169
ьні,5,0.000621272365805169
нно,5,0.000621272365805169
вац,5,0.000621272365805169
вор,5,0.000621272365805169
онт,5,0.000621272365805169
топ,5,0.000621272365805169
ове,5,0.000621272365805169
тес,5,0.000621272365805169
кум,5,0.000621272365805169
ніс,5,0.000621272365805169
вих,5,0.000621272365805169
аза,5,0.000621272365805169
вон,5,0.000621272365805169
вол,5,0.000621272365805169
ант,5,0.000621272365805169
нта,5,0.000621272365805169
ене,5,0.000621272365805169
гіг,5,0.000621272365805169
мог,5,0.000621272365805169
ліп,5,0.000621272365805169
еві,5,0.000621272365805169
тик,5,0.000621272365805169
мет,5,0.000621272365805169
мат,5,0.000621272365805169
соб,5,0.000621272365805169
авс,5,0.000621272365805169
нте,5,0.000621272365805169
акт,5,0.000621272365805169
йог,5,0.000621272365805169
оні,5,0.000621272365805169
ула,5,0.000621272365805169
сте,5,0.000621272365805169
еру,5,0.000621272365805169
рон,5,0.000621272365805169
лей,5,0.000621272365805169
лис,5,0.000621272365805169
ачп,5,0.000621272365805169
чпа,5,0.000621272365805169
жли,5,0.000621272365805169
оже,5,0.000621272365805169
ісі,5,0.000621272365805169
бли,5,0.000621272365805169
иво,5,0.000621272365805169
арт,5,0.000621272365805169
тац,5,0.000621272365805169
ять,5,0.000621272365805169
ніх,5,0.000621272365805169
чів,5,0.000621272365805169
мул,5,0.000621272365805169
дюй,5,0.000621272365805169
юйм,5,0.000621272365805169
ицт,4,0.0004970178926441351
бал,4,0.0004970178926441351
азо,4,0.0004970178926441351
річ,4,0.0004970178926441351
чис,4,0.0004970178926441351
диц,4,0.0004970178926441351
поп,4,0.0004970178926441351
вел,4,0.0004970178926441351
ики,4,0.0004970178926441351
нав,4,0.0004970178926441351
чал,4,0.0004970178926441351
зак,4,0.0004970178926441351
ажа,4,0.0004970178926441351
смо,4,0.0004970178926441351
осі,4,0.0004970178926441351
фік,4,0.0004970178926441351
між,4,0.0004970178926441351
змі,4,0.0004970178926441351
нду,4,0.0004970178926441351
бан,4,0.0004970178926441351
огл,4,0.0004970178926441351
інд,4,0.0004970178926441351
овс,4,0.0004970178926441351
сія,4,0.0004970178926441351
вад,4,0.0004970178926441351
див,4,0.0004970178926441351
бло,4,0.0004970178926441351
ког,4,0.0004970178926441351
охо,4,0.0004970178926441351
дит,4,0.0004970178926441351
орс,4,0.0004970178926441351
ієв,4,0.0004970178926441351
рот,4,0.0004970178926441351
яти,4,0.0004970178926441351
тил,4,0.0004970178926441351
літ,4,0.0004970178926441351
вро,4,0.0004970178926441351
уло,4,0.0004970178926441351
роп,4,0.0004970178926441351
тав,4,0.0004970178926441351
авл,4,0.0004970178926441351
рта,4,0.0004970178926441351
абл,4,0.0004970178926441351
дев,4,0.0004970178926441351
ева,4,0.0004970178926441351
іон,4,0.0004970178926441351
цьк,4,0.0004970178926441351
ага,4,0.0004970178926441351
дат,4,0.0004970178926441351
щоб,4,0.0004970178926441351
рин,4,0.0004970178926441351
пре,4,0.0004970178926441351
мле,4,0.0004970178926441351
рое,4,0.0004970178926441351
оек,4,0.0004970178926441351
ваг,4,0.0004970178926441351
ацю,4,0.0004970178926441351
коп,4,0.0004970178926441351
нто,4,0.0004970178926441351
раж,4,0.0004970178926441351
міц,4,0.0004970178926441351
іцн,4,0.0004970178926441351
спе,4,0.0004970178926441351
уку,4,0.0004970178926441351
рво,4,0.0004970178926441351
они,4,0.0004970178926441351
овн,4,0.0004970178926441351
ніш,4,0.0004970178926441351
ніж,4,0.0004970178926441351
кіс,4,0.0004970178926441351
имк,4,0.0004970178926441351
рту,4,0.0004970178926441351
вид,4,0.0004970178926441351
іпш,4,0.0004970178926441351
вич,4,0.0004970178926441351
ича,4,0.0004970178926441351
чай,4,0.0004970178926441351
око,4,0.0004970178926441351
сил,4,0.0004970178926441351
иле,4,0.0004970178926441351
ита,4,0.0004970178926441351
чув,4,0.0004970178926441351
сел,4,0.0004970178926441351
лів,4,0.0004970178926441351
ате,4,0.0004970178926441351
тал,4,0.0004970178926441351
ичн,4,0.0004970178926441351
нен,4,0.0004970178926441351
дко,4,0.0004970178926441351
ада,4,0.0004970178926441351
рід,4,0.0004970178926441351
іта,4,0.0004970178926441351
аки,4,0.0004970178926441351
тіл,4,0.0004970178926441351
інт,4,0.0004970178926441351
рос,4,0.0004970178926441351
лем,4,0.0004970178926441351
под,4,0.0004970178926441351
оді,4,0.0004970178926441351
вар,4,0.0004970178926441351
омо,4,0.0004970178926441351
іка,4,0.0004970178926441351
сис,4,0.0004970178926441351
тем,4,0.0004970178926441351
еми,4,0.0004970178926441351
тел,4,0.0004970178926441351
люц,4,0.0004970178926441351
ілл,4,0.0004970178926441351
рув,4,0.0004970178926441351
ура,4,0.0004970178926441351
дна,4,0.0004970178926441351
емо,4,0.0004970178926441351
єть,4,0.0004970178926441351
ика,4,0.0004970178926441351
йни,4,0.0004970178926441351
осн,4,0.0004970178926441351
сна,4,0.0004970178926441351
нащ,4,0.0004970178926441351
ожл,4,0.0004970178926441351
иві,4,0.0004970178926441351
тир,4,0.0004970178926441351
ока,4,0.0004970178926441351
трь,4,0.0004970178926441351
ьом,4,0.0004970178926441351
пил,4,0.0004970178926441351
гру,4,0.0004970178926441351
мон,4,0.0004970178926441351
леп,4,0.0004970178926441351
пто,4,0.0004970178926441351
опи,4,0.0004970178926441351
осо,4,0.0004970178926441351
окр,4,0.0004970178926441351
ращ,4,0.0004970178926441351
аще,4,0.0004970178926441351
гот,4,0.0004970178926441351
мпа,4,0.0004970178926441351
пан,4,0.0004970178926441351
нут,4,0.0004970178926441351
уму,4,0.0004970178926441351
ежи,4,0.0004970178926441351
жим,4,0.0004970178926441351
етн,4,0.0004970178926441351
мпл,4,0.0004970178926441351
лек,4,0.0004970178926441351
кта,4,0.0004970178926441351
иму,4,0.0004970178926441351
мує,4,0.0004970178926441351
бку,3,0.0003727634194831014
зді,3,0.0003727634194831014
дій,3,0.0003727634194831014
вої,3,0.0003727634194831014
нім,3,0.0003727634194831014
тсь,3,0.0003727634194831014
рві,3,0.0003727634194831014
сно,3,0.0003727634194831014
баз,3,0.0003727634194831014
азу,3,0.0003727634194831014
ькі,3,0.0003727634194831014
озк,3,0.0003727634194831014
вою,3,0.0003727634194831014
ідк,3,0.0003727634194831014
ляр,3,0.0003727634194831014
ярн,3,0.0003727634194831014
жаю,3,0.0003727634194831014
тех,3,0.0003727634194831014
ехн,3,0.0003727634194831014
хно,3,0.0003727634194831014
нол,3,0.0003727634194831014
осв,3,0.0003727634194831014
нян,3,0.0003727634194831014
ажу,3,0.0003727634194831014
сни,3,0.0003727634194831014
ерт,3,0.0003727634194831014
бат,3,0.0003727634194831014
аре,3,0.0003727634194831014
реї,3,0.0003727634194831014
тки,3,0.0003727634194831014
впр,3,0.0003727634194831014
риг,3,0.0003727634194831014
игі,3,0.0003727634194831014
гін,3,0.0003727634194831014
окн,3,0.0003727634194831014
нот,3,0.0003727634194831014
рпо,3,0.0003727634194831014
сло,3,0.0003727634194831014
ожн,3,0.0003727634194831014
ейм,3,0.0003727634194831014
мом,3,0.0003727634194831014
сов,3,0.0003727634194831014
озм,3,0.0003727634194831014
ині,3,0.0003727634194831014
кої,3,0.0003727634194831014
вій,3,0.0003727634194831014
гом,3,0.0003727634194831014
ава,3,0.0003727634194831014
рик,3,0.0003727634194831014
клі,3,0.0003727634194831014
ліє,3,0.0003727634194831014
ієн,3,0.0003727634194831014
єнт,3,0.0003727634194831014
нті,3,0.0003727634194831014
івр,3,0.0003727634194831014
апр,3,0.0003727634194831014
вай,3,0.0003727634194831014
мав,3,0.0003727634194831014
уме,3,0.0003727634194831014
нон,3,0.0003727634194831014
вни,3,0.0003727634194831014
таб,3,0.0003727634194831014
лет,3,0.0003727634194831014
зов,3,0.0003727634194831014
поз,3,0.0003727634194831014
ози,3,0.0003727634194831014
ціо,3,0.0003727634194831014
ліз,3,0.0003727634194831014
зах,3,0.0003727634194831014
ахо,3,0.0003727634194831014
омл,3,0.0003727634194831014
рев,3,0.0003727634194831014
едо,3,0.0003727634194831014
кту,3,0.0003727634194831014
пет,3,0.0003727634194831014
рій,3,0.0003727634194831014
езу,3,0.0003727634194831014
зул,3,0.0003727634194831014
ьта,3,0.0003727634194831014
умо,3,0.0003727634194831014
зан,3,0.0003727634194831014
атн,3,0.0003727634194831014
іал,3,0.0003727634194831014
ави,3,0.0003727634194831014
точ,3,0.0003727634194831014
тік,3,0.0003727634194831014
шні,3,0.0003727634194831014
ьше,3,0.0003727634194831014
аже,3,0.0003727634194831014
мир,3,0.0003727634194831014
чні,3,0.0003727634194831014
амі,3,0.0003727634194831014
там,3,0.0003727634194831014
шви,3,0.0003727634194831014
идк,3,0.0003727634194831014
два,3,0.0003727634194831014
жор,3,0.0003727634194831014
рст,3,0.0003727634194831014
стк,3,0.0003727634194831014
акс,3,0.0003727634194831014
ксе,3,0.0003727634194831014
есу,3,0.0003727634194831014
іац,3,0.0003727634194831014
рич,3,0.0003727634194831014
заз,3,0.0003727634194831014
нев,3,0.0003727634194831014
маг,3,0.0003727634194831014
агн,3,0.0003727634194831014
гні,3,0.0003727634194831014
дси,3,0.0003727634194831014
рпу,3,0.0003727634194831014
пус,3,0.0003727634194831014
слі,3,0.0003727634194831014
оме,3,0.0003727634194831014
сен,3,0.0003727634194831014
сор,3,0.0003727634194831014
апо,3,0.0003727634194831014
поб,3,0.0003727634194831014
біг,3,0.0003727634194831014
пош,3,0.0003727634194831014
шко,3,0.0003727634194831014
ску,3,0.0003727634194831014
ізу,3,0.0003727634194831014
виг,3,0.0003727634194831014
лат,3,0.0003727634194831014
чни,3,0.0003727634194831014
льц,3,0.0003727634194831014
оне,3,0.0003727634194831014
вип,3,0.0003727634194831014
ипа,3,0.0003727634194831014
адк,3,0.0003727634194831014
опа,3,0.0003727634194831014
ань,3,0.0003727634194831014
іди,3,0.0003727634194831014
цеп,3,0.0003727634194831014
ара,3,0.0003727634194831014
рак,3,0.0003727634194831014
кте,3,0.0003727634194831014
рну,3,0.0003727634194831014
ями,3,0.0003727634194831014
ону,3,0.0003727634194831014
нак,3,0.0003727634194831014
ріа,3,0.0003727634194831014
жой,3,0.0003727634194831014
ола,3,0.0003727634194831014
лаб,3,0.0003727634194831014
рді,3,0.0003727634194831014
бка,3,0.0003727634194831014
яма,3,0.0003727634194831014
оси,3,0.0003727634194831014
рне,3,0.0003727634194831014
уні,3,0.0003727634194831014
кац,3,0.0003727634194831014
ема,3,0.0003727634194831014
кіл,3,0.0003727634194831014
ємо,3,0.0003727634194831014
цен,3,0.0003727634194831014
олю,3,0.0003727634194831014
ало,3,0.0003727634194831014
ціє,3,0.0003727634194831014
скл,3,0.0003727634194831014
жон,3,0.0003727634194831014
нах,3,0.0003727634194831014
утн,3,0.0003727634194831014
нез,3,0.0003727634194831014
дво,3,0.0003727634194831014
ану,3,0.0003727634194831014
ахи,3,0.0003727634194831014
тре,3,0.0003727634194831014
ноп,3,0.0003727634194831014
опк,3,0.0003727634194831014
пка,3,0.0003727634194831014
нат,3,0.0003727634194831014
ирі,3,0.0003727634194831014
укц,3,0.0003727634194831014
куп,3,0.0003727634194831014
езп,3,0.0003727634194831014
сії,3,0.0003727634194831014
чаю,3,0.0003727634194831014
руд,3,0.0003727634194831014
удн,3,0.0003727634194831014
рем,3,0.0003727634194831014
вна,3,0.0003727634194831014
пек,3,0.0003727634194831014
дул,3,0.0003727634194831014
вос,3,0.0003727634194831014
єдн,3,0.0003727634194831014
тип,3,0.0003727634194831014
чна,3,0.0003727634194831014
бут,3,0.0003727634194831014
нти,3,0.0003727634194831014
чит,3,0.0003727634194831014
ити,3,0.0003727634194831014
вну,3,0.0003727634194831014
утр,3,0.0003727634194831014
ріш,3,0.0003727634194831014
цію,3,0.0003727634194831014
фун,3,0.0003727634194831014
унк,3,0.0003727634194831014
нкц,3,0.0003727634194831014
віш,3,0.0003727634194831014
стю,3,0.0003727634194831014
хро,3,0.0003727634194831014
омб,3,0.0003727634194831014
мбу,3,0.0003727634194831014
исп,3,0.0003727634194831014
спл,3,0.0003727634194831014
вує,3,0.0003727634194831014
ьох,3,0.0003727634194831014
укі,2,0.00024850894632206757
еті,2,0.00024850894632206757
тва,2,0.00024850894632206757
ійс,2,0.00024850894632206757
нюв,2,0.00024850894632206757
оки,2,0.00024850894632206757
раз,2,0.00024850894632206757
зом,2,0.00024850894632206757
есо,2,0.00024850894632206757
сом,2,0.00024850894632206757
сон,2,0.00024850894632206757
іма,2,0.00024850894632206757
ліс,2,0.00024850894632206757
змо,2,0.00024850894632206757
ель,2,0.00024850894632206757
льо,2,0.00024850894632206757
ьов,2,0.00024850894632206757
іча,2,0.00024850894632206757
чар,2,0.00024850894632206757
рдо,2,0.00024850894632206757
кій,2,0.00024850894632206757
обо,2,0.00024850894632206757
рив,2,0.00024850894632206757
ває,2,0.00024850894632206757
дкр,2,0.00024850894632206757
опу,2,0.00024850894632206757
пул,2,0.00024850894632206757
дів,2,0.00024850894632206757
ідч,2,0.00024850894632206757
авд,2,0.00024850894632206757
яно,2,0.00024850894632206757
цін,2,0.00024850894632206757
епр,2,0.00024850894632206757
апа,2,0.00024850894632206757
асн,2,0.00024850894632206757
вую,2,0.00024850894632206757
ини,2,0.00024850894632206757
уко,2,0.00024850894632206757
ифі,2,0.00024850894632206757
жна,2,0.00024850894632206757
гля,2,0.00024850894632206757
ляд,2,0.00024850894632206757
яди,2,0.00024850894632206757
міт,2,0.00024850894632206757
ітк,2,0.00024850894632206757
рію,2,0.00024850894632206757
яко,2,0.00024850894632206757
рма,2,0.00024850894632206757
ьог,2,0.00024850894632206757
мас,2,0.00024850894632206757
ога,2,0.00024850894632206757
жни,2,0.00024850894632206757
рей,2,0.00024850894632206757
вст,2,0.00024850894632206757
олу,2,0.00024850894632206757
луб,2,0.00024850894632206757
уби,2,0.00024850894632206757
асо,2,0.00024850894632206757
міщ,2,0.00024850894632206757
іще,2,0.00024850894632206757
шин,2,0.00024850894632206757
рсь,2,0.00024850894632206757
дою,2,0.00024850894632206757
єві,2,0.00024850894632206757
іть,2,0.00024850894632206757
дав,2,0.00024850894632206757
ень,2,0.00024850894632206757
ньк,2,0.00024850894632206757
вом,2,0.00024850894632206757
іря,2,0.00024850894632206757
вра,2,0.00024850894632206757
мці,2,0.00024850894632206757
нум,2,0.00024850894632206757
той,2,0.00024850894632206757
нсу,2,0.00024850894632206757
фер,2,0.00024850894632206757
айс,2,0.00024850894632206757
зиц,2,0.00024850894632206757
иць,2,0.00024850894632206757
заг,2,0.00024850894632206757
пуб,2,0.00024850894632206757
убл,2,0.00024850894632206757
блі,2,0.00024850894632206757
жов,2,0.00024850894632206757
овт,2,0.00024850894632206757
втн,2,0.00024850894632206757
ино,2,0.00024850894632206757
іло,2,0.00024850894632206757
айб,2,0.00024850894632206757
йбі,2,0.00024850894632206757
ітр,2,0.00024850894632206757
нед,2,0.00024850894632206757
арх,2,0.00024850894632206757
гам,2,0.00024850894632206757
зко,2,0.00024850894632206757
авн,2,0.00024850894632206757
єги,2,0.00024850894632206757
гип,2,0.00024850894632206757
оль,2,0.00024850894632206757
нді,2,0.00024850894632206757
адо,2,0.00024850894632206757
док,2,0.00024850894632206757
ідм,2,0.00024850894632206757
дмі,2,0.00024850894632206757
кти,2,0.00024850894632206757
рия,2,0.00024850894632206757
вах,2,0.00024850894632206757
пец,2,0.00024850894632206757
еці,2,0.00024850894632206757
ціа,2,0.00024850894632206757
бот,2,0.00024850894632206757
гір,2,0.00024850894632206757
ірш,2,0.00024850894632206757
рші,2,0.00024850894632206757
ліч,2,0.00024850894632206757
вог,2,0.00024850894632206757
оля,2,0.00024850894632206757
шнь,2,0.00024850894632206757
ьої,2,0.00024850894632206757
миш,2,0.00024850894632206757
иші,2,0.00024850894632206757
йом,2,0.00024850894632206757
ген,2,0.00024850894632206757
рал,2,0.00024850894632206757
мки,2,0.00024850894632206757
оте,2,0.00024850894632206757
мег,2,0.00024850894632206757
ега,2,0.00024850894632206757
дкі,2,0.00024850894632206757
опі,2,0.00024850894632206757
ско,2,0.00024850894632206757
вод,2,0.00024850894632206757
діа,2,0.00024850894632206757
пом,2,0.00024850894632206757
азн,2,0.00024850894632206757
нач,2,0.00024850894632206757
аче,2,0.00024850894632206757
пше,2,0.00024850894632206757
янн,2,0.00024850894632206757
єви,2,0.00024850894632206757
нни,2,0.00024850894632206757
мпо,2,0.00024850894632206757
дсв,2,0.00024850894632206757
віч,2,0.00024850894632206757
ічу,2,0.00024850894632206757
лер,2,0.00024850894632206757
етр,2,0.00024850894632206757
енс,2,0.00024850894632206757
ікс,2,0.00024850894632206757
ксу,2,0.00024850894632206757
дін,2,0.00024850894632206757
ошк,2,0.00024850894632206757
код,2,0.00024850894632206757
нню,2,0.00024850894632206757
фай,2,0.00024850894632206757
иги,2,0.00024850894632206757
инс,2,0.00024850894632206757
етл,2,0.00024850894632206757
ане,2,0.00024850894632206757
ідб,2,0.00024850894632206757
бит,2,0.00024850894632206757
тку,2,0.00024850894632206757
пал,2,0.00024850894632206757
ьця,2,0.00024850894632206757
наб,2,0.00024850894632206757
бір,2,0.00024850894632206757
бів,2,0.00024850894632206757
енш,2,0.00024850894632206757
онц,2,0.00024850894632206757
нце,2,0.00024850894632206757
ств,2,0.00024850894632206757
йсь,2,0.00024850894632206757
іти,2,0.00024850894632206757
аси,2,0.00024850894632206757
сич,2,0.00024850894632206757
кті,2,0.00024850894632206757
руч,2,0.00024850894632206757
пог,2,0.00024850894632206757
год,2,0.00024850894632206757
риз,2,0.00024850894632206757
изу,2,0.00024850894632206757
еме,2,0.00024850894632206757
арн,2,0.00024850894632206757
ига,2,0.00024850894632206757
рці,2,0.00024850894632206757
рит,2,0.00024850894632206757
цей,2,0.00024850894632206757
ойс,2,0.00024850894632206757
йст,2,0.00024850894632206757
ику,2,0.00024850894632206757
вин,2,0.00024850894632206757
лід,2,0.00024850894632206757
едж,2,0.00024850894632206757
тег,2,0.00024850894632206757
гії,2,0.00024850894632206757
алу,2,0.00024850894632206757
цюю,2,0.00024850894632206757
мад,2,0.00024850894632206757
адз,2,0.00024850894632206757
дза,2,0.00024850894632206757
чий,2,0.00024850894632206757
окі,2,0.00024850894632206757
нік,2,0.00024850894632206757
рес,2,0.00024850894632206757
обр,2,0.00024850894632206757
бра,2,0.00024850894632206757
вис,2,0.00024850894632206757
исо,2,0.00024850894632206757
сок,2,0.00024850894632206757
озд,2,0.00024850894632206757
діл,2,0.00024850894632206757
зда,2,0.00024850894632206757
леф,2,0.00024850894632206757
ефо,2,0.00024850894632206757
фон,2,0.00024850894632206757
кох,2,0.00024850894632206757
гло,2,0.00024850894632206757
лоб,2,0.00024850894632206757
оба,2,0.00024850894632206757
віз,2,0.00024850894632206757
аєм,2,0.00024850894632206757
пря,2,0.00024850894632206757
рям,2,0.00024850894632206757
ямо,2,0.00024850894632206757
одо,2,0.00024850894632206757
бки,2,0.00024850894632206757
рег,2,0.00024850894632206757
егу,2,0.00024850894632206757
гул,2,0.00024850894632206757
рно,2,0.00024850894632206757
люв,2,0.00024850894632206757
бля,2,0.00024850894632206757
піз,2,0.00024850894632206757
зні,2,0.00024850894632206757
іше,2,0.00024850894632206757
ака,2,0.00024850894632206757
аші,2,0.00024850894632206757
сем,2,0.00024850894632206757
юце,2,0.00024850894632206757
гіл,2,0.00024850894632206757
ези,2,0.00024850894632206757
зид,2,0.00024850894632206757
иде,2,0.00024850894632206757
аць,2,0.00024850894632206757
ево,2,0.00024850894632206757
юці,2,0.00024850894632206757
гіч,2,0.00024850894632206757
ете,2,0.00024850894632206757
вил,2,0.00024850894632206757
ась,2,0.00024850894632206757
іді,2,0.00024850894632206757
діс,2,0.00024850894632206757
аєт,2,0.00024850894632206757
еде,2,0.00024850894632206757
мех,2,0.00024850894632206757
еха,2,0.00024850894632206757
хан,2,0.00024850894632206757
ніз,2,0.00024850894632206757
ізм,2,0.00024850894632206757
кут,2,0.00024850894632206757
мик,2,0.00024850894632206757
озш,2,0.00024850894632206757
зши,2,0.00024850894632206757
шир,2,0.00024850894632206757
ире,2,0.00024850894632206757
вищ,2,0.00024850894632206757
ках,2,0.00024850894632206757
ерг,2,0.00024850894632206757
рго,2,0.00024850894632206757
гон,2,0.00024850894632206757
омі,2,0.00024850894632206757
отж,2,0.00024850894632206757
тже,2,0.00024850894632206757
ащу,2,0.00024850894632206757
рек,2,0.00024850894632206757
екп,2,0.00024850894632206757
шув,2,0.00024850894632206757
якщ,2,0.00024850894632206757
кщо,2,0.00024850894632206757
нтр,2,0.00024850894632206757
тро,2,0.00024850894632206757
авт,2,0.00024850894632206757
ятн,2,0.00024850894632206757
кни,2,0.00024850894632206757
ниг,2,0.00024850894632206757
вко,2,0.00024850894632206757
дії,2,0.00024850894632206757
упи,2,0.00024850894632206757
ква,2,0.00024850894632206757
абе,2,0.00024850894632206757
зпе,2,0.00024850894632206757
нув,2,0.00024850894632206757
впе,2,0.00024850894632206757
рше,2,0.00024850894632206757
дні,2,0.00024850894632206757
мка,2,0.00024850894632206757
хаб,2,0.00024850894632206757
лиш,2,0.00024850894632206757
ише,2,0.00024850894632206757
ктр,2,0.00024850894632206757
улі,2,0.00024850894632206757
ежн,2,0.00024850894632206757
жно,2,0.00024850894632206757
ища,2,0.00024850894632206757
ерх,2,0.00024850894632206757
рхн,2,0.00024850894632206757
хол,2,0.00024850894632206757
лод,2,0.00024850894632206757
іде,2,0.00024850894632206757
део,2,0.00024850894632206757
іте,2,0.00024850894632206757
жив,2,0.00024850894632206757
дня,2,0.00024850894632206757
икл,2,0.00024850894632206757
кат,2,0.00024850894632206757
бач,2,0.00024850894632206757
ряд,2,0.00024850894632206757
ежі,2,0.00024850894632206757
мбі,2,0.00024850894632206757
нія,2,0.00024850894632206757
лях,2,0.00024850894632206757
иго,2,0.00024850894632206757
ото,2,0.00024850894632206757
нят,2,0.00024850894632206757
ажі,2,0.00024850894632206757
оче,2,0.00024850894632206757
или,2,0.00024850894632206757
ипи,2,0.00024850894632206757
іке,2,0.00024850894632206757
ніч,2,0.00024850894632206757
рол,2,0.00024850894632206757
пло,2,0.00024850894632206757
сла,2,0.00024850894632206757
йон,2,0.00024850894632206757
реа,2,0.00024850894632206757
еал,2,0.00024850894632206757
тру,2,0.00024850894632206757
рий,2,0.00024850894632206757
иву,2,0.00024850894632206757
дея,2,0.00024850894632206757
еяк,2,0.00024850894632206757
кую,2,0.00024850894632206757
юче,2,0.00024850894632206757
учн,2,0.00024850894632206757
уро,2,0.00024850894632206757
рою,2,0.00024850894632206757
айк,2,0.00024850894632206757
йкр,2,0.00024850894632206757
ащо,2,0.00024850894632206757
щог,2,0.00024850894632206757
онв,2,0.00024850894632206757
нве,2,0.00024850894632206757
рто,2,0.00024850894632206757
ача,2,0.00024850894632206757
ням,2,0.00024850894632206757
ута,2,0.00024850894632206757
зам,2,0.00024850894632206757
гає,2,0.00024850894632206757
язк,2,0.00024850894632206757
зку,2,0.00024850894632206757
хай,2,0.00024850894632206757
кою,2,0.00024850894632206757
нів,2,0.00024850894632206757
руб,2,0.00024850894632206757
чот,2,0.00024850894632206757
ирь,2,0.00024850894632206757
нда,2,0.00024850894632206757
дар,2,0.00024850894632206757
ртн,2,0.00024850894632206757
сут,2,0.00024850894632206757
ути,2,0.00024850894632206757
дає,2,0.00024850894632206757
вох,2,0.00024850894632206757
іан,2,0.00024850894632206757
пич,2,0.00024850894632206757
ичу,2,0.00024850894632206757
овщ,2,0.00024850894632206757
вщи,2,0.00024850894632206757
щин,2,0.00024850894632206757
йсн,1,0.00012425447316103378
сню,1,0.00012425447316103378
рсо,1,0.00012425447316103378
оїм,1,0.00012425447316103378
стс,1,0.00012425447316103378
зую,1,0.00012425447316103378
йні,1,0.00012425447316103378
боч,1,0.00012425447316103378
очц,1,0.00012425447316103378
чці,1,0.00012425447316103378
їжі,1,0.00012425447316103378
зкр,1,0.00012425447316103378
рир,1,0.00012425447316103378
есі,1,0.00012425447316103378
сів,1,0.00012425447316103378
авч,1,0.00012425447316103378
вча,1,0.00012425447316103378
акл,1,0.00012425447316103378
туз,1,0.00012425447316103378
узі,1,0.00012425447316103378
зіа,1,0.00012425447316103378
іас,1,0.00012425447316103378
гій,1,0.00012425447316103378
зби,1,0.00012425447316103378
бир,1,0.00012425447316103378
ира,1,0.00012425447316103378
рач,1,0.00012425447316103378
дче,1,0.00012425447316103378
вдя,1,0.00012425447316103378
дяк,1,0.00012425447316103378
реп,1,0.00012425447316103378
ная,1,0.00012425447316103378
аяв,1,0.00012425447316103378
явн,1,0.00012425447316103378
пас,1,0.00012425447316103378
єди,1,0.00012425447316103378
тиф,1,0.00012425447316103378
іко,1,0.00012425447316103378
іжн,1,0.00012425447316103378
нар,1,0.00012425447316103378
одн,1,0.00012425447316103378
пох,1,0.00012425447316103378
інф,1,0.00012425447316103378
нфо,1,0.00012425447316103378
мац,1,0.00012425447316103378
атс,1,0.00012425447316103378
тсо,1,0.00012425447316103378
ган,1,0.00012425447316103378
мей,1,0.00012425447316103378
ейн,1,0.00012425447316103378
йнф,1,0.00012425447316103378
нфр,1,0.00012425447316103378
фре,1,0.00012425447316103378
бий,1,0.00012425447316103378
стм,1,0.00012425447316103378
тма,1,0.00012425447316103378
адп,1,0.00012425447316103378
дпи,1,0.00012425447316103378
пис,1,0.00012425447316103378
сол,1,0.00012425447316103378
алю,1,0.00012425447316103378
люм,1,0.00012425447316103378
юмі,1,0.00012425447316103378
отя,1,0.00012425447316103378
тяг,1,0.00012425447316103378
яго,1,0.00012425447316103378
дес,1,0.00012425447316103378
еся,1,0.00012425447316103378
сят,1,0.00012425447316103378
илі,1,0.00012425447316103378
икр,1,0.00012425447316103378
раш,1,0.00012425447316103378
аше,1,0.00012425447316103378
шкі,1,0.00012425447316103378
кір,1,0.00012425447316103378
рян,1,0.00012425447316103378
яні,1,0.00012425447316103378
бкл,1,0.00012425447316103378
инц,1,0.00012425447316103378
йнв,1,0.00012425447316103378
нвр,1,0.00012425447316103378
рай,1,0.00012425447316103378
йто,1,0.00012425447316103378
оїй,1,0.00012425447316103378
сум,1,0.00012425447316103378
умц,1,0.00012425447316103378
ней,1,0.00012425447316103378
ймі,1,0.00012425447316103378
інг,1,0.00012425447316103378
нгу,1,0.00012425447316103378
кві,1,0.00012425447316103378
сув,1,0.00012425447316103378
онф,1,0.00012425447316103378
нфе,1,0.00012425447316103378
енц,1,0.00012425447316103378
рел,1,0.00012425447316103378
туп,1,0.00012425447316103378
упн,1,0.00012425447316103378
пни,1,0.00012425447316103378
гал,1,0.00012425447316103378
ліц,1,0.00012425447316103378
іці,1,0.00012425447316103378
вже,1,0.00012425447316103378
тог,1,0.00012425447316103378
дод,1,0.00012425447316103378
ток,1,0.00012425447316103378
вив,1,0.00012425447316103378
иве,1,0.00012425447316103378
ела,1,0.00012425447316103378
нок,1,0.00012425447316103378
орч,1,0.00012425447316103378
рчі,1,0.00012425447316103378
нтс,1,0.00012425447316103378
піл,1,0.00012425447316103378
лот,1,0.00012425447316103378
отн,1,0.00012425447316103378
лау,1,0.00012425447316103378
аун,1,0.00012425447316103378
унч,1,0.00012425447316103378
ьша,1,0.00012425447316103378
ама,1,0.00012425447316103378
дол,1,0.00012425447316103378
лік,1,0.00012425447316103378
ікі,1,0.00012425447316103378
цюв,1,0.00012425447316103378
рхе,1,0.00012425447316103378
хео,1,0.00012425447316103378
еол,1,0.00012425447316103378
пую,1,0.00012425447316103378
внє,1,0.00012425447316103378
ипе,1,0.00012425447316103378
етс,1,0.00012425447316103378
ьке,1,0.00012425447316103378
лео,1,0.00012425447316103378
еон,1,0.00012425447316103378
вес,1,0.00012425447316103378
іто,1,0.00012425447316103378
зад,1,0.00012425447316103378
нну,1,0.00012425447316103378
есп,1,0.00012425447316103378
ият,1,0.00012425447316103378
ятл,1,0.00012425447316103378
тли,1,0.00012425447316103378
иви,1,0.00012425447316103378
аюч,1,0.00012425447316103378
маш,1,0.00012425447316103378
аши,1,0.00012425447316103378
тнь,1,0.00012425447316103378
цна,1,0.00012425447316103378
ися,1,0.00012425447316103378
урб,1,0.00012425447316103378
рбо,1,0.00012425447316103378
ших,1,0.00012425447316103378
ипт,1,0.00012425447316103378
пту,1,0.00012425447316103378
яск,1,0.00012425447316103378
скр,1,0.00012425447316103378
очк,1,0.00012425447316103378
чко,1,0.00012425447316103378
іку,1,0.00012425447316103378
вбу,1,0.00012425447316103378
буд,1,0.00012425447316103378
удо,1,0.00012425447316103378
доз,1,0.00012425447316103378
озв,1,0.00012425447316103378
зво,1,0.00012425447316103378
ляє,1,0.00012425447316103378
дуж,1,0.00012425447316103378
уже,1,0.00012425447316103378
усп,1,0.00012425447316103378
піш,1,0.00012425447316103378
таж,1,0.00012425447316103378
жеп,1,0.00012425447316103378
епі,1,0.00012425447316103378
ідй,1,0.00012425447316103378
дйо,1,0.00012425447316103378
омн,1,0.00012425447316103378
мни,1,0.00012425447316103378
ріо,1,0.00012425447316103378
іод,1,0.00012425447316103378
пен,1,0.00012425447316103378
тіу,1,0.00012425447316103378
іум,1,0.00012425447316103378
мгц,1,0.00012425447316103378
йта,1,0.00012425447316103378
фло,1,0.00012425447316103378
лоп,1,0.00012425447316103378
йтн,1,0.00012425447316103378
сес,1,0.00012425447316103378
суа,1,0.00012425447316103378
уар,1,0.00012425447316103378
ари,1,0.00012425447316103378
діє,1,0.00012425447316103378
гла,1,0.00012425447316103378
ичи,1,0.00012425447316103378
чин,1,0.00012425447316103378
оми,1,0.00012425447316103378
мил,1,0.00012425447316103378
ило,1,0.00012425447316103378
сфе,1,0.00012425447316103378
ємн,1,0.00012425447316103378
мна,1,0.00012425447316103378
вуг,1,0.00012425447316103378
угл,1,0.00012425447316103378
гле,1,0.00012425447316103378
тит,1,0.00012425447316103378
зит,1,0.00012425447316103378
итн,1,0.00012425447316103378
исл,1,0.00012425447316103378
ніп,1,0.00012425447316103378
іпу,1,0.00012425447316103378
сую,1,0.00012425447316103378
гаю,1,0.00012425447316103378
айл,1,0.00012425447316103378
йлі,1,0.00012425447316103378
тко,1,0.00012425447316103378
тка,1,0.00012425447316103378
імі,1,0.00012425447316103378
міз,1,0.00012425447316103378
гин,1,0.00012425447316103378
лев,1,0.00012425447316103378
тлі,1,0.00012425447316103378
біо,1,0.00012425447316103378
іом,1,0.00012425447316103378
дби,1,0.00012425447316103378
итк,1,0.00012425447316103378
абі,1,0.00012425447316103378
зас,1,0.00012425447316103378
упр,1,0.00012425447316103378
влі,1,0.00012425447316103378
отв,1,0.00012425447316103378
зме,1,0.00012425447316103378
оре,1,0.00012425447316103378
лій,1,0.00012425447316103378
сул,1,0.00012425447316103378
ивс,1,0.00012425447316103378
офі,1,0.00012425447316103378
фіс,1,0.00012425447316103378
ьці,1,0.00012425447316103378
ців,1,0.00012425447316103378
кух,1,0.00012425447316103378
ухо,1,0.00012425447316103378
хон,1,0.00012425447316103378
кул,1,0.00012425447316103378
учо,1,0.00012425447316103378
чок,1,0.00012425447316103378
пті,1,0.00012425447316103378
анч,1,0.00012425447316103378
нчб,1,0.00012425447316103378
чбо,1,0.00012425447316103378
бок,1,0.00012425447316103378
окс,1,0.00012425447316103378
джу,1,0.00012425447316103378
жую,1,0.00012425447316103378
рму,1,0.00012425447316103378
циг,1,0.00012425447316103378
гар,1,0.00012425447316103378
діб,1,0.00012425447316103378
ібн,1,0.00012425447316103378
орц,1,0.00012425447316103378
іям,1,0.00012425447316103378
ную,1,0.00012425447316103378
сюр,1,0.00012425447316103378
юрп,1,0.00012425447316103378
рпр,1,0.00012425447316103378
иті,1,0.00012425447316103378
еди,1,0.00012425447316103378
айд,1,0.00012425447316103378
йде,1,0.00012425447316103378
осл,1,0.00012425447316103378
дни,1,0.00012425447316103378
нау,1,0.00012425447316103378
аук,1,0.00012425447316103378
овц,1,0.00012425447316103378
вця,1,0.00012425447316103378
цям,1,0.00012425447316103378
тед,1,0.00012425447316103378
елк,1,0.00012425447316103378
лке,1,0.00012425447316103378
ойо,1,0.00012425447316103378
рут,1,0.00012425447316103378
утл,1,0.00012425447316103378
тле,1,0.00012425447316103378
лед,1,0.00012425447316103378
жом,1,0.00012425447316103378
егі,1,0.00012425447316103378
ьто,1,0.00012425447316103378
луч,1,0.00012425447316103378
учи,1,0.00012425447316103378
чил,1,0.00012425447316103378
ююч,1,0.00012425447316103378
чих,1,0.00012425447316103378
зух,1,0.00012425447316103378
ухі,1,0.00012425447316103378
хір,1,0.00012425447316103378
іро,1,0.00012425447316103378
син,1,0.00012425447316103378
нам,1,0.00012425447316103378
дир,1,0.00012425447316103378
иру,1,0.00012425447316103378
рую,1,0.00012425447316103378
язо,1,0.00012425447316103378
зок,1,0.00012425447316103378
нет,1,0.00012425447316103378
иян,1,0.00012425447316103378
циф,1,0.00012425447316103378
ифр,1,0.00012425447316103378
фро,1,0.00012425447316103378
мун,1,0.00012425447316103378
еси,1,0.00012425447316103378
лал,1,0.00012425447316103378
зоб,1,0.00012425447316103378
чах,1,0.00012425447316103378
гли,1,0.00012425447316103378
зуа,1,0.00012425447316103378
уал,1,0.00012425447316103378
язу,1,0.00012425447316103378
ефе,1,0.00012425447316103378
фек,1,0.00012425447316103378
вза,1,0.00012425447316103378
зає,1,0.00012425447316103378
дія,1,0.00012425447316103378
іят,1,0.00012425447316103378
щод,1,0.00012425447316103378
влю,1,0.00012425447316103378
ляв,1,0.00012425447316103378
явс,1,0.00012425447316103378
уто,1,0.00012425447316103378
очн,1,0.00012425447316103378
чню,1,0.00012425447316103378
ідп,1,0.00012425447316103378
дпо,1,0.00012425447316103378
каг,1,0.00012425447316103378
гаш,1,0.00012425447316103378
віц,1,0.00012425447316103378
іце,1,0.00012425447316103378
іду,1,0.00012425447316103378
очо,1,0.00012425447316103378
чол,1,0.00012425447316103378
ідх,1,0.00012425447316103378
дхі,1,0.00012425447316103378
хід,1,0.00012425447316103378
лла,1,0.00012425447316103378
имц,1,0.00012425447316103378
рує,1,0.00012425447316103378
яка,1,0.00012425447316103378
адн,1,0.00012425447316103378
яви,1,0.00012425447316103378
ісо,1,0.00012425447316103378
вва,1,0.00012425447316103378
жає,1,0.00012425447316103378
шед,1,0.00012425447316103378
евр,1,0.00012425447316103378
муз,1,0.00012425447316103378
узе,1,0.00012425447316103378
зеї,1,0.00012425447316103378
суч,1,0.00012425447316103378
уча,1,0.00012425447316103378
мис,1,0.00012425447316103378
тец,1,0.00012425447316103378
ецт,1,0.00012425447316103378
нью,1,0.00012425447316103378
йор,1,0.00012425447316103378
орк,1,0.00012425447316103378
рку,1,0.00012425447316103378
окт,1,0.00012425447316103378
айш,1,0.00012425447316103378
йшо,1,0.00012425447316103378
шов,1,0.00012425447316103378
кал,1,0.00012425447316103378
вми,1,0.00012425447316103378
каю,1,0.00012425447316103378
езв,1,0.00012425447316103378
ідв,1,0.00012425447316103378
дви,1,0.00012425447316103378
ище,1,0.00012425447316103378
виї,1,0.00012425447316103378
иїж,1,0.00012425447316103378
їжд,1,0.00012425447316103378
ждж,1,0.00012425447316103378
джа,1,0.00012425447316103378
жал,1,0.00012425447316103378
рук,1,0.00012425447316103378
ейк,1,0.00012425447316103378
хил,1,0.00012425447316103378
ося,1,0.00012425447316103378
сяг,1,0.00012425447316103378
ягн,1,0.00012425447316103378
гне,1,0.00012425447316103378
ьші,1,0.00012425447316103378
шіс,1,0.00012425447316103378
щув,1,0.00012425447316103378
кпо,1,0.00012425447316103378
пой,1,0.00012425447316103378
ойн,1,0.00012425447316103378
йнт,1,0.00012425447316103378
тих,1,0.00012425447316103378
іви,1,0.00012425447316103378
ршу,1,0.00012425447316103378
одв,1,0.00012425447316103378
дві,1,0.00012425447316103378
орю,1,0.00012425447316103378
рюв,1,0.00012425447316103378
баг,1,0.00012425447316103378
гат,1,0.00012425447316103378
аду,1,0.00012425447316103378
адц,1,0.00012425447316103378
дця,1,0.00012425447316103378
цят,1,0.00012425447316103378
ічч,1,0.00012425447316103378
ччя,1,0.00012425447316103378
хіл,1,0.00012425447316103378
вто,1,0.00012425447316103378
овк,1,0.00012425447316103378
вед,1,0.00012425447316103378
сюз,1,0.00012425447316103378
юза,1,0.00012425447316103378
хел,1,0.00012425447316103378
елм,1,0.00012425447316103378
лмс,1,0.00012425447316103378
цює,1,0.00012425447316103378
ліф,1,0.00012425447316103378
іфі,1,0.00012425447316103378
амн,1,0.00012425447316103378
мно,1,0.00012425447316103378
заб,1,0.00012425447316103378
печ,1,0.00012425447316103378
ече,1,0.00012425447316103378
ену,1,0.00012425447316103378
екі,1,0.00012425447316103378
кіп,1,0.00012425447316103378
іпа,1,0.00012425447316103378
паж,1,0.00012425447316103378
ґле,1,0.00012425447316103378
нтн,1,0.00012425447316103378
аті,1,0.00012425447316103378
озг,1,0.00012425447316103378
зге,1,0.00012425447316103378
гер,1,0.00012425447316103378
ерм,1,0.00012425447316103378
рме,1,0.00012425447316103378
ети,1,0.00012425447316103378
тиз,1,0.00012425447316103378
обе,1,0.00012425447316103378
бер,1,0.00012425447316103378
пшу,1,0.00012425447316103378
диф,1,0.00012425447316103378
лип,1,0.00012425447316103378
ипк,1,0.00012425447316103378
пкі,1,0.00012425447316103378
ічк,1,0.00012425447316103378
чки,1,0.00012425447316103378
рил,1,0.00012425447316103378
лаш,1,0.00012425447316103378
ашт,1,0.00012425447316103378
шту,1,0.00012425447316103378
хні,1,0.00012425447316103378
еок,1,0.00012425447316103378
агр,1,0.00012425447316103378
грі,1,0.00012425447316103378
ріт,1,0.00012425447316103378
тря,1,0.00012425447316103378
ихо,1,0.00012425447316103378
дап,1,0.00012425447316103378
апт,1,0.00012425447316103378
пте,1,0.00012425447316103378
ивл,1,0.00012425447316103378
нде,1,0.00012425447316103378
деа,1,0.00012425447316103378
еав,1,0.00012425447316103378
аво,1,0.00012425447316103378
сію,1,0.00012425447316103378
блу,1,0.00012425447316103378
вда,1,0.00012425447316103378
нас,1,0.00012425447316103378
аск,1,0.00012425447316103378
скі,1,0.00012425447316103378
тій,1,0.00012425447316103378
йки,1,0.00012425447316103378
вла,1,0.00012425447316103378
ору,1,0.00012425447316103378
кли,1,0.00012425447316103378
лії,1,0.00012425447316103378
інш,1,0.00012425447316103378
нші,1,0.00012425447316103378
неп,1,0.00012425447316103378
епе,1,0.00012425447316103378
едб,1,0.00012425447316103378
ошт,1,0.00012425447316103378
шти,1,0.00012425447316103378
сім,1,0.00012425447316103378
орб,1,0.00012425447316103378
рбі,1,0.00012425447316103378
іті,1,0.00012425447316103378
оря,1,0.00012425447316103378
плю,1,0.00012425447316103378
люс,1,0.00012425447316103378
обм,1,0.00012425447316103378
бме,1,0.00012425447316103378
меж,1,0.00012425447316103378
еже,1,0.00012425447316103378
ота,1,0.00012425447316103378
овж,1,0.00012425447316103378
вжу,1,0.00012425447316103378
жув,1,0.00012425447316103378
рвн,1,0.00012425447316103378
зем,1,0.00012425447316103378
емл,1,0.00012425447316103378
лею,1,0.00012425447316103378
яна,1,0.00012425447316103378
кит,1,0.00012425447316103378
тай,1,0.00012425447316103378
ька,1,0.00012425447316103378
упк,1,0.00012425447316103378
пку,1,0.00012425447316103378
ізі,1,0.00012425447316103378
зіо,1,0.00012425447316103378
чуа,1,0.00012425447316103378
уан,1,0.00012425447316103378
анз,1,0.00012425447316103378
нзі,1,0.00012425447316103378
тує,1,0.00012425447316103378
уєм,1,0.00012425447316103378
ось,1,0.00012425447316103378
шля,1,0.00012425447316103378
яха,1,0.00012425447316103378
хам,1,0.00012425447316103378
нац,1,0.00012425447316103378
сур,1,0.00012425447316103378
урс,1,0.00012425447316103378
рси,1,0.00012425447316103378
збу,1,0.00012425447316103378
уту,1,0.00012425447316103378
нди,1,0.00012425447316103378
цня,1,0.00012425447316103378
наш,1,0.00012425447316103378
зао,1,0.00012425447316103378
аох,1,0.00012425447316103378
хоч,1,0.00012425447316103378
джм,1,0.00012425447316103378
жме,1,0.00012425447316103378
цер,1,0.00012425447316103378
ніа,1,0.00012425447316103378
дчи,1,0.00012425447316103378
іпи,1,0.00012425447316103378
акц,1,0.00012425447316103378
шта,1,0.00012425447316103378
мор,1,0.00012425447316103378
орр,1,0.00012425447316103378
ррі,1,0.00012425447316103378
ріс,1,0.00012425447316103378
ісв,1,0.00012425447316103378
віл,1,0.00012425447316103378
ілі,1,0.00012425447316103378
юют,1,0.00012425447316103378
єкт,1,0.00012425447316103378
кру,1,0.00012425447316103378
руг,1,0.00012425447316103378
угу,1,0.00012425447316103378
ґуі,1,0.00012425447316103378
уіл,1,0.00012425447316103378
ілф,1,0.00012425447316103378
лфо,1,0.00012425447316103378
орд,1,0.00012425447316103378
лощ,1,0.00012425447316103378
още,1,0.00012425447316103378
щею,1,0.00012425447316103378
фут,1,0.00012425447316103378
уті,1,0.00012425447316103378
пак,1,0.00012425447316103378
кле,1,0.00012425447316103378
бим,1,0.00012425447316103378
ітс,1,0.00012425447316103378
тсе,1,0.00012425447316103378
сет,1,0.00012425447316103378
етт,1,0.00012425447316103378
есл,1,0.00012425447316103378
еза,1,0.00012425447316103378
маґ,1,0.00012425447316103378
аґа,1,0.00012425447316103378
ґат,1,0.00012425447316103378
кае,1,0.00012425447316103378
аем,1,0.00012425447316103378
емі,1,0.00012425447316103378
нец,1,0.00012425447316103378
ець,1,0.00012425447316103378
дий,1,0.00012425447316103378
ачи,1,0.00012425447316103378
ціл,1,0.00012425447316103378
ллю,1,0.00012425447316103378
іза,1,0.00012425447316103378
зац,1,0.00012425447316103378
пши,1,0.00012425447316103378
шит,1,0.00012425447316103378
оби,1,0.00012425447316103378
ийн,1,0.00012425447316103378
йня,1,0.00012425447316103378
оза,1,0.00012425447316103378
жів,1,0.00012425447316103378
едн,1,0.00012425447316103378
днь,1,0.00012425447316103378
втр,1,0.00012425447316103378
ьши,1,0.00012425447316103378
ерц,1,0.00012425447316103378
тим,1,0.00012425447316103378
свя,1,0.00012425447316103378
вят,1,0.00012425447316103378
ятк,1,0.00012425447316103378
кув,1,0.00012425447316103378
ажл,1,0.00012425447316103378
віх,1,0.00012425447316103378
іху,1,0.00012425447316103378
жем,1,0.00012425447316103378
міл,1,0.00012425447316103378
льй,1,0.00012425447316103378
ьйо,1,0.00012425447316103378
нап,1,0.00012425447316103378
ази,1,0.00012425447316103378
зив,1,0.00012425447316103378
хис,1,0.00012425447316103378
едс,1,0.00012425447316103378
дст,1,0.00012425447316103378
еля,1,0.00012425447316103378
вір,1,0.00012425447316103378
ряю,1,0.00012425447316103378
яют,1,0.00012425447316103378
мік,1,0.00012425447316103378
ікр,1,0.00012425447316103378
кро,1,0.00012425447316103378
осх,1,0.00012425447316103378
схе,1,0.00012425447316103378
хем,1,0.00012425447316103378
еки,1,0.00012425447316103378
стя,1,0.00012425447316103378
тят,1,0.00012425447316103378
фір,1,0.00012425447316103378
ірм,1,0.00012425447316103378
рмо,1,0.00012425447316103378
пос,1,0.00012425447316103378
ажд,1,0.00012425447316103378
жда,1,0.00012425447316103378
дал,1,0.00012425447316103378
доб,1,0.00012425447316103378
авж,1,0.00012425447316103378
вжн,1,0.00012425447316103378
жні,1,0.00012425447316103378
дкл,1,0.00012425447316103378
езл,1,0.00012425447316103378
злі,1,0.00012425447316103378
ида,1,0.00012425447316103378
лос,1,0.00012425447316103378
сив,1,0.00012425447316103378
айя,1,0.00012425447316103378
йяк,1,0.00012425447316103378
сні,1,0.00012425447316103378
ішо,1,0.00012425447316103378
шою,1,0.00012425447316103378
буч,1,0.00012425447316103378
шим,1,0.00012425447316103378
пит,1,0.00012425447316103378
иту,1,0.00012425447316103378
ісц,1,0.00012425447316103378
сце,1,0.00012425447316103378
его,1,0.00012425447316103378
іях,1,0.00012425447316103378
виб,1,0.00012425447316103378
ибі,1,0.00012425447316103378
жур,1,0.00012425447316103378
урн,1,0.00012425447316103378
пот,1,0.00012425447316103378
рап,1,0.00012425447316103378
апи,1,0.00012425447316103378
тен,1,0.00012425447316103378
ьтр,1,0.00012425447316103378
раб,1,0.00012425447316103378
абу,1,0.00012425447316103378
кот,1,0.00012425447316103378
нує,1,0.00012425447316103378
воє,1,0.00012425447316103378
ріє,1,0.00012425447316103378
спо,1,0.00012425447316103378
пож,1,0.00012425447316103378
ожи,1,0.00012425447316103378
фак,1,0.00012425447316103378
вню,1,0.00012425447316103378
нює,1,0.00012425447316103378
юєт,1,0.00012425447316103378
еве,1,0.00012425447316103378
доп,1,0.00012425447316103378
гою,1,0.00012425447316103378
атф,1,0.00012425447316103378
тфо,1,0.00012425447316103378
рми,1,0.00012425447316103378
авк,1,0.00012425447316103378
ючі,1,0.00012425447316103378
маю,1,0.00012425447316103378
іжк,1,0.00012425447316103378
жки,1,0.00012425447316103378
лаз,1,0.00012425447316103378
азя,1,0.00012425447316103378
зят,1,0.00012425447316103378
ігт,1,0.00012425447316103378
гти,1,0.00012425447316103378
хне,1,0.00012425447316103378
нею,1,0.00012425447316103378
арг,1,0.00012425447316103378
рга,1,0.00012425447316103378
езр,1,0.00012425447316103378
зру,1,0.00012425447316103378
крі,1,0.00012425447316103378
рім,1,0.00012425447316103378
сит,1,0.00012425447316103378
шас,1,0.00012425447316103378
асі,1,0.00012425447316103378
езк,1,0.00012425447316103378
зкл,1,0.00012425447316103378
шни,1,0.00012425447316103378
кпа,1,0.00012425447316103378
бюд,1,0.00012425447316103378
юдж,1,0.00012425447316103378
жет,1,0.00012425447316103378
леж,1,0.00012425447316103378
щує,1,0.00012425447316103378
уєт,1,0.00012425447316103378
мак,1,0.00012425447316103378
кси,1,0.00012425447316103378
сим,1,0.00012425447316103378
шар,1,0.00012425447316103378
рні,1,0.00012425447316103378
нір,1,0.00012425447316103378
іри,1,0.00012425447316103378
щіл,1,0.00012425447316103378
рип,1,0.00012425447316103378
пин,1,0.00012425447316103378
ине,1,0.00012425447316103378
ядн,1,0.00012425447316103378
дну,1,0.00012425447316103378
івв,1,0.00012425447316103378
вві,1,0.00012425447316103378
нош,1,0.00012425447316103378
оше,1,0.00012425447316103378
тля,1,0.00012425447316103378
лям,1,0.00012425447316103378
цно,1,0.00012425447316103378
риш,1,0.00012425447316103378
ишк,1,0.00012425447316103378
гум,1,0.00012425447316103378
бам,1,0.00012425447316103378
амп,1,0.00012425447316103378
мпе,1,0.00012425447316103378
хищ,1,0.00012425447316103378
щає,1,0.00012425447316103378
інь,1,0.00012425447316103378
убо,1,0.00012425447316103378
бог,1,0.00012425447316103378
яде,1,0.00012425447316103378
дер,1,0.00012425447316103378
йти,1,0.00012425447316103378
впа,1,0.00012425447316103378
пая,1,0.00012425447316103378
аян,1,0.00012425447316103378
ьку,1,0.00012425447316103378
емм,1,0.00012425447316103378
ммс,1,0.00012425447316103378
ажч,1,0.00012425447316103378
жчи,1,0.00012425447316103378
цні,1,0.00012425447316103378
ипо,1,0.00012425447316103378
зат,1,0.00012425447316103378
іша,1,0.00012425447316103378
шам,1,0.00012425447316103378
дсу,1,0.00012425447316103378
дбл,1,0.00012425447316103378
чим,1,0.00012425447316103378
итт,1,0.00012425447316103378
ття,1,0.00012425447316103378
тям,1,0.00012425447316103378
ьну,1,0.00012425447316103378
пік,1,0.00012425447316103378
ьти,1,0.00012425447316103378
веб,1,0.00012425447316103378
ебк,1,0.00012425447316103378
аме,1,0.00012425447316103378
вмо,1,0.00012425447316103378
ису,1,0.00012425447316103378
жек,1,0.00012425447316103378
зпр,1,0.00012425447316103378
риб,1,0.00012425447316103378
ибу,1,0.00012425447316103378
ссд,1,0.00012425447316103378
збі,1,0.00012425447316103378
іве,1,0.00012425447316103378
рса,1,0.00012425447316103378
сал,1,0.00012425447316103378
ьна,1,0.00012425447316103378
тах,1,0.00012425447316103378
оце,1,0.00012425447316103378
цес,1,0.00012425447316103378
іну,1,0.00012425447316103378
іни,1,0.00012425447316103378
нил,1,0.00012425447316103378
інж,1,0.00012425447316103378
нже,1,0.00012425447316103378
рхі,1,0.00012425447316103378
хіт,1,0.00012425447316103378
тек,1,0.00012425447316103378
гба,1,0.00012425447316103378
йті,1,0.00012425447316103378
тну,1,0.00012425447316103378
вхо,1,0.00012425447316103378
сіе,1,0.00012425447316103378
ляг,1,0.00012425447316103378
яга,1,0.00012425447316103378
вен,1,0.00012425447316103378
иля,1,0.00012425447316103378
теп,1,0.00012425447316103378
епл,1,0.00012425447316103378
убк,1,0.00012425447316103378
одя,1,0.00012425447316103378
дят,1,0.00012425447316103378
іля,1,0.00012425447316103378
ажи,1,0.00012425447316103378
жит,1,0.00012425447316103378
